code,name,meal_item_codes,prompt
M001,صيام,,"Professional editorial food photography, three-quarter 45-degree eye-level angle. A rustic cream speckled stoneware plate with organic uneven edges, centered on a beige linen napkin over a dark rustic wooden table. the plate lies empty, symbolizing fasting and spiritual wellness. Soft diffused natural window light coming from the left, gentle warm shadows, cozy morning ambiance. Shallow depth of field with softly blurred background props (a glass of water and a speckled ceramic bowl) adding context without distraction. Warm inviting color palette, glistening natural sheen on food, steam softly rising, appetizing and fresh, complete plate fully visible with no cutoff, clean minimal styling, high detail, 4k ultra-realistic, cookbook magazine quality, square 1:1 composition."
M002,توست قمح كامل + زبدة بلدي + عسل طبيعي,"CB10,DF01,SW04","Professional editorial food photography, three-quarter 45-degree eye-level angle. A rustic cream speckled stoneware plate with organic uneven edges, centered on a beige linen napkin over a dark rustic wooden table. thick slice of multigrain seeded toast, melting pat of golden country butter, natural honey drizzle. Soft diffused natural window light coming from the left, gentle warm shadows, cozy morning ambiance. Shallow depth of field with softly blurred background props (a glass of water and a speckled ceramic bowl) adding context without distraction. Warm inviting color palette, glistening natural sheen on food, steam softly rising, appetizing and fresh, complete plate fully visible with no cutoff, clean minimal styling, high detail, 4k ultra-realistic, cookbook magazine quality, square 1:1 composition."
M003,ارز ابيض + بطاطس مسلوقة  + زبدة بلدى,"CB01,CB07,DF01","Professional editorial food photography, three-quarter 45-degree eye-level angle. A rustic cream speckled stoneware plate with organic uneven edges, centered on a beige linen napkin over a dark rustic wooden table. fluffy white Egyptian rice mound, boiled potatoes, melting pat of golden country butter. Soft diffused natural window light coming from the left, gentle warm shadows, cozy morning ambiance. Shallow depth of field with softly blurred background props (a glass of water and a speckled ceramic bowl) adding context without distraction. Warm inviting color palette, glistening natural sheen on food, steam softly rising, appetizing and fresh, complete plate fully visible with no cutoff, clean minimal styling, high detail, 4k ultra-realistic, cookbook magazine quality, square 1:1 composition."
M004,ارز ابيض + بطاطس مقلية  + زبدة بلدى,"CB01,CB08,DF01","Professional editorial food photography, three-quarter 45-degree eye-level angle. A rustic cream speckled stoneware plate with organic uneven edges, centered on a beige linen napkin over a dark rustic wooden table. fluffy white Egyptian rice mound, golden pan-fried seasoned potato cubes, melting pat of golden country butter. Soft diffused natural window light coming from the left, gentle warm shadows, cozy morning ambiance. Shallow depth of field with softly blurred background props (a glass of water and a speckled ceramic bowl) adding context without distraction. Warm inviting color palette, glistening natural sheen on food, steam softly rising, appetizing and fresh, complete plate fully visible with no cutoff, clean minimal styling, high detail, 4k ultra-realistic, cookbook magazine quality, square 1:1 composition."
M005,توست قمح كامل + جبنة جودة + زيتون كالاماتا,"CB10,CH01,OL01","Professional editorial food photography, three-quarter 45-degree eye-level angle. A rustic cream speckled stoneware plate with organic uneven edges, centered on a beige linen napkin over a dark rustic wooden table. thick slice of multigrain seeded toast, Gouda cheese, a small cluster of glossy Kalamata olives. Soft diffused natural window light coming from the left, gentle warm shadows, cozy morning ambiance. Shallow depth of field with softly blurred background props (a glass of water and a speckled ceramic bowl) adding context without distraction. Warm inviting color palette, glistening natural sheen on food, steam softly rising, appetizing and fresh, complete plate fully visible with no cutoff, clean minimal styling, high detail, 4k ultra-realistic, cookbook magazine quality, square 1:1 composition."
M006,بطاطا حلوة مشوية + عسل اسود + سمن بلدي,"CB05,SW03,DF02","Professional editorial food photography, three-quarter 45-degree eye-level angle. A rustic cream speckled stoneware plate with organic uneven edges, centered on a beige linen napkin over a dark rustic wooden table. roasted sweet potato, molasses syrup, country ghee. Soft diffused natural window light coming from the left, gentle warm shadows, cozy morning ambiance. Shallow depth of field with softly blurred background props (a glass of water and a speckled ceramic bowl) adding context without distraction. Warm inviting color palette, glistening natural sheen on food, steam softly rising, appetizing and fresh, complete plate fully visible with no cutoff, clean minimal styling, high detail, 4k ultra-realistic, cookbook magazine quality, square 1:1 composition."
M007,توست قمح كامل + نوتيلا,"CB10,SW08","Professional editorial food photography, three-quarter 45-degree eye-level angle. A rustic cream speckled stoneware plate with organic uneven edges, centered on a beige linen napkin over a dark rustic wooden table. thick slice of multigrain seeded toast, Nutella spread. Soft diffused natural window light coming from the left, gentle warm shadows, cozy morning ambiance. Shallow depth of field with softly blurred background props (a glass of water and a speckled ceramic bowl) adding context without distraction. Warm inviting color palette, glistening natural sheen on food, steam softly rising, appetizing and fresh, complete plate fully visible with no cutoff, clean minimal styling, high detail, 4k ultra-realistic, cookbook magazine quality, square 1:1 composition."
M008,توست قمح كامل  + مربى تين,"CB10,SW05","Professional editorial food photography, three-quarter 45-degree eye-level angle. A rustic cream speckled stoneware plate with organic uneven edges, centered on a beige linen napkin over a dark rustic wooden table. thick slice of multigrain seeded toast, fig jam. Soft diffused natural window light coming from the left, gentle warm shadows, cozy morning ambiance. Shallow depth of field with softly blurred background props (a glass of water and a speckled ceramic bowl) adding context without distraction. Warm inviting color palette, glistening natural sheen on food, steam softly rising, appetizing and fresh, complete plate fully visible with no cutoff, clean minimal styling, high detail, 4k ultra-realistic, cookbook magazine quality, square 1:1 composition."
M009,توست قمح كامل + جبنة شيدر + زيتون كالاماتا,"CB10,CH02,OL01","Professional editorial food photography, three-quarter 45-degree eye-level angle. A rustic cream speckled stoneware plate with organic uneven edges, centered on a beige linen napkin over a dark rustic wooden table. thick slice of multigrain seeded toast, Cheddar cheese, a small cluster of glossy Kalamata olives. Soft diffused natural window light coming from the left, gentle warm shadows, cozy morning ambiance. Shallow depth of field with softly blurred background props (a glass of water and a speckled ceramic bowl) adding context without distraction. Warm inviting color palette, glistening natural sheen on food, steam softly rising, appetizing and fresh, complete plate fully visible with no cutoff, clean minimal styling, high detail, 4k ultra-realistic, cookbook magazine quality, square 1:1 composition."
M010,توست قمح كامل + بطاطس مسلوقة + سمن بلدي,"CB10,CB07,DF02","Professional editorial food photography, three-quarter 45-degree eye-level angle. A rustic cream speckled stoneware plate with organic uneven edges, centered on a beige linen napkin over a dark rustic wooden table. thick slice of multigrain seeded toast, boiled potatoes, country ghee. Soft diffused natural window light coming from the left, gentle warm shadows, cozy morning ambiance. Shallow depth of field with softly blurred background props (a glass of water and a speckled ceramic bowl) adding context without distraction. Warm inviting color palette, glistening natural sheen on food, steam softly rising, appetizing and fresh, complete plate fully visible with no cutoff, clean minimal styling, high detail, 4k ultra-realistic, cookbook magazine quality, square 1:1 composition."
M011,بطاطا حلوة مهروسة + قشطة طبيعية,"CB06,DF03","Professional editorial food photography, three-quarter 45-degree eye-level angle. A rustic cream speckled stoneware plate with organic uneven edges, centered on a beige linen napkin over a dark rustic wooden table. mashed sweet potato, natural cream. Soft diffused natural window light coming from the left, gentle warm shadows, cozy morning ambiance. Shallow depth of field with softly blurred background props (a glass of water and a speckled ceramic bowl) adding context without distraction. Warm inviting color palette, glistening natural sheen on food, steam softly rising, appetizing and fresh, complete plate fully visible with no cutoff, clean minimal styling, high detail, 4k ultra-realistic, cookbook magazine quality, square 1:1 composition."
M012,توست قمح كامل + زبدة بلدي + مربى مشمش,"CB10,DF01,FR11","Professional editorial food photography, three-quarter 45-degree eye-level angle. A rustic cream speckled stoneware plate with organic uneven edges, centered on a beige linen napkin over a dark rustic wooden table. thick slice of multigrain seeded toast, melting pat of golden country butter, fresh apricots. Soft diffused natural window light coming from the left, gentle warm shadows, cozy morning ambiance. Shallow depth of field with softly blurred background props (a glass of water and a speckled ceramic bowl) adding context without distraction. Warm inviting color palette, glistening natural sheen on food, steam softly rising, appetizing and fresh, complete plate fully visible with no cutoff, clean minimal styling, high detail, 4k ultra-realistic, cookbook magazine quality, square 1:1 composition."
M013,بطاطس مسلوقة + زيت زيتون + عسل طبيعى,"CB07,OI01,SW04","Professional editorial food photography, three-quarter 45-degree eye-level angle. A rustic cream speckled stoneware plate with organic uneven edges, centered on a beige linen napkin over a dark rustic wooden table. boiled potatoes, olive oil drizzle, natural honey drizzle. Soft diffused natural window light coming from the left, gentle warm shadows, cozy morning ambiance. Shallow depth of field with softly blurred background props (a glass of water and a speckled ceramic bowl) adding context without distraction. Warm inviting color palette, glistening natural sheen on food, steam softly rising, appetizing and fresh, complete plate fully visible with no cutoff, clean minimal styling, high detail, 4k ultra-realistic, cookbook magazine quality, square 1:1 composition."
M014,توست قمح كامل + جبنة فلمنك + زيتون كالاماتا,"CB10,CH03,OL01","Professional editorial food photography, three-quarter 45-degree eye-level angle. A rustic cream speckled stoneware plate with organic uneven edges, centered on a beige linen napkin over a dark rustic wooden table. thick slice of multigrain seeded toast, Flemish cheese, a small cluster of glossy Kalamata olives. Soft diffused natural window light coming from the left, gentle warm shadows, cozy morning ambiance. Shallow depth of field with softly blurred background props (a glass of water and a speckled ceramic bowl) adding context without distraction. Warm inviting color palette, glistening natural sheen on food, steam softly rising, appetizing and fresh, complete plate fully visible with no cutoff, clean minimal styling, high detail, 4k ultra-realistic, cookbook magazine quality, square 1:1 composition."
M015,توست قمح كامل + جبنة ريكفورد +   زيت زيتون,"CB10,CH05,OI01","Professional editorial food photography, three-quarter 45-degree eye-level angle. A rustic cream speckled stoneware plate with organic uneven edges, centered on a beige linen napkin over a dark rustic wooden table. thick slice of multigrain seeded toast, Rickvord cheese, olive oil drizzle. Soft diffused natural window light coming from the left, gentle warm shadows, cozy morning ambiance. Shallow depth of field with softly blurred background props (a glass of water and a speckled ceramic bowl) adding context without distraction. Warm inviting color palette, glistening natural sheen on food, steam softly rising, appetizing and fresh, complete plate fully visible with no cutoff, clean minimal styling, high detail, 4k ultra-realistic, cookbook magazine quality, square 1:1 composition."
M016,توست قمح كامل + جبنة موتزاريلا + زيتون كالاماتا,"CB10,CH04,OL01","Professional editorial food photography, three-quarter 45-degree eye-level angle. A rustic cream speckled stoneware plate with organic uneven edges, centered on a beige linen napkin over a dark rustic wooden table. thick slice of multigrain seeded toast, Mozzarella cheese, a small cluster of glossy Kalamata olives. Soft diffused natural window light coming from the left, gentle warm shadows, cozy morning ambiance. Shallow depth of field with softly blurred background props (a glass of water and a speckled ceramic bowl) adding context without distraction. Warm inviting color palette, glistening natural sheen on food, steam softly rising, appetizing and fresh, complete plate fully visible with no cutoff, clean minimal styling, high detail, 4k ultra-realistic, cookbook magazine quality, square 1:1 composition."
M017,بطاطا حلوة مهروسة + سمن بلدي + عصير جوافة,"CB06,DF02,FR07","Professional editorial food photography, three-quarter 45-degree eye-level angle. A rustic cream speckled stoneware plate with organic uneven edges, centered on a beige linen napkin over a dark rustic wooden table. mashed sweet potato, country ghee, guava juice. Soft diffused natural window light coming from the left, gentle warm shadows, cozy morning ambiance. Shallow depth of field with softly blurred background props (a glass of water and a speckled ceramic bowl) adding context without distraction. Warm inviting color palette, glistening natural sheen on food, steam softly rising, appetizing and fresh, complete plate fully visible with no cutoff, clean minimal styling, high detail, 4k ultra-realistic, cookbook magazine quality, square 1:1 composition."
M018,توست قمح كامل + زبدة بلدي + مربى فراولة,"CB10,DF01,FR09","Professional editorial food photography, three-quarter 45-degree eye-level angle. A rustic cream speckled stoneware plate with organic uneven edges, centered on a beige linen napkin over a dark rustic wooden table. thick slice of multigrain seeded toast, melting pat of golden country butter, fresh strawberries. Soft diffused natural window light coming from the left, gentle warm shadows, cozy morning ambiance. Shallow depth of field with softly blurred background props (a glass of water and a speckled ceramic bowl) adding context without distraction. Warm inviting color palette, glistening natural sheen on food, steam softly rising, appetizing and fresh, complete plate fully visible with no cutoff, clean minimal styling, high detail, 4k ultra-realistic, cookbook magazine quality, square 1:1 composition."
M019,بطاطا حلوة مشوية +  تمر + زبدة,"CB05,FR03,DF01","Professional editorial food photography, three-quarter 45-degree eye-level angle. A rustic cream speckled stoneware plate with organic uneven edges, centered on a beige linen napkin over a dark rustic wooden table. roasted sweet potato, dates, melting pat of golden country butter. Soft diffused natural window light coming from the left, gentle warm shadows, cozy morning ambiance. Shallow depth of field with softly blurred background props (a glass of water and a speckled ceramic bowl) adding context without distraction. Warm inviting color palette, glistening natural sheen on food, steam softly rising, appetizing and fresh, complete plate fully visible with no cutoff, clean minimal styling, high detail, 4k ultra-realistic, cookbook magazine quality, square 1:1 composition."
M020,أرز أبيض + لحم بتلو مسلوق,"CB01,MT07","Professional editorial food photography, three-quarter 45-degree eye-level angle. A rustic cream speckled stoneware plate with organic uneven edges, centered on a beige linen napkin over a dark rustic wooden table. fluffy white Egyptian rice mound, boiled veal meat. Soft diffused natural window light coming from the left, gentle warm shadows, cozy morning ambiance. Shallow depth of field with softly blurred background props (a glass of water and a speckled ceramic bowl) adding context without distraction. Warm inviting color palette, glistening natural sheen on food, steam softly rising, appetizing and fresh, complete plate fully visible with no cutoff, clean minimal styling, high detail, 4k ultra-realistic, cookbook magazine quality, square 1:1 composition."
M021,أرز أبيض + كبدة مسلوقة,"CB01,MT02","Professional editorial food photography, three-quarter 45-degree eye-level angle. A rustic cream speckled stoneware plate with organic uneven edges, centered on a beige linen napkin over a dark rustic wooden table. fluffy white Egyptian rice mound, boiled liver pieces. Soft diffused natural window light coming from the left, gentle warm shadows, cozy morning ambiance. Shallow depth of field with softly blurred background props (a glass of water and a speckled ceramic bowl) adding context without distraction. Warm inviting color palette, glistening natural sheen on food, steam softly rising, appetizing and fresh, complete plate fully visible with no cutoff, clean minimal styling, high detail, 4k ultra-realistic, cookbook magazine quality, square 1:1 composition."
M022,أرز بسمتي + سمك سردين  مشوي,"CB04,FS02","Professional editorial food photography, three-quarter 45-degree eye-level angle. A rustic cream speckled stoneware plate with organic uneven edges, centered on a beige linen napkin over a dark rustic wooden table. basmati rice, grilled sardine fillet. Soft diffused natural window light coming from the left, gentle warm shadows, cozy morning ambiance. Shallow depth of field with softly blurred background props (a glass of water and a speckled ceramic bowl) adding context without distraction. Warm inviting color palette, glistening natural sheen on food, steam softly rising, appetizing and fresh, complete plate fully visible with no cutoff, clean minimal styling, high detail, 4k ultra-realistic, cookbook magazine quality, square 1:1 composition."
M023,أرز أبيض + لحم ضأن مشوي,"CB01,MT09","Professional editorial food photography, three-quarter 45-degree eye-level angle. A rustic cream speckled stoneware plate with organic uneven edges, centered on a beige linen napkin over a dark rustic wooden table. fluffy white Egyptian rice mound, grilled lamb meat. Soft diffused natural window light coming from the left, gentle warm shadows, cozy morning ambiance. Shallow depth of field with softly blurred background props (a glass of water and a speckled ceramic bowl) adding context without distraction. Warm inviting color palette, glistening natural sheen on food, steam softly rising, appetizing and fresh, complete plate fully visible with no cutoff, clean minimal styling, high detail, 4k ultra-realistic, cookbook magazine quality, square 1:1 composition."
M024,أرز أبيض + لحم إبل مسلوق,"CB01,MT06","Professional editorial food photography, three-quarter 45-degree eye-level angle. A rustic cream speckled stoneware plate with organic uneven edges, centered on a beige linen napkin over a dark rustic wooden table. fluffy white Egyptian rice mound, boiled camel meat. Soft diffused natural window light coming from the left, gentle warm shadows, cozy morning ambiance. Shallow depth of field with softly blurred background props (a glass of water and a speckled ceramic bowl) adding context without distraction. Warm inviting color palette, glistening natural sheen on food, steam softly rising, appetizing and fresh, complete plate fully visible with no cutoff, clean minimal styling, high detail, 4k ultra-realistic, cookbook magazine quality, square 1:1 composition."
M025,أرز بالشعيرية + حمام مشوي,"CB02,BD02","Professional editorial food photography, three-quarter 45-degree eye-level angle. A rustic cream speckled stoneware plate with organic uneven edges, centered on a beige linen napkin over a dark rustic wooden table. vermicelli rice, grilled pigeon. Soft diffused natural window light coming from the left, gentle warm shadows, cozy morning ambiance. Shallow depth of field with softly blurred background props (a glass of water and a speckled ceramic bowl) adding context without distraction. Warm inviting color palette, glistening natural sheen on food, steam softly rising, appetizing and fresh, complete plate fully visible with no cutoff, clean minimal styling, high detail, 4k ultra-realistic, cookbook magazine quality, square 1:1 composition."
M026,تمر + ماء دافئ + أرز أبيض + لحم بتلو مسلوق,"FR03,DR03,CB01,MT07","Professional editorial food photography, three-quarter 45-degree eye-level angle. A rustic cream speckled stoneware plate with organic uneven edges, centered on a beige linen napkin over a dark rustic wooden table. dates, warm water, fluffy white Egyptian rice mound, boiled veal meat. Soft diffused natural window light coming from the left, gentle warm shadows, cozy morning ambiance. Shallow depth of field with softly blurred background props (a glass of water and a speckled ceramic bowl) adding context without distraction. Warm inviting color palette, glistening natural sheen on food, steam softly rising, appetizing and fresh, complete plate fully visible with no cutoff, clean minimal styling, high detail, 4k ultra-realistic, cookbook magazine quality, square 1:1 composition."
M027,أرز أبيض + سمك ماكريل بحري مشوي,"CB01,FS03","Professional editorial food photography, three-quarter 45-degree eye-level angle. A rustic cream speckled stoneware plate with organic uneven edges, centered on a beige linen napkin over a dark rustic wooden table. fluffy white Egyptian rice mound, grilled mackerel fillet. Soft diffused natural window light coming from the left, gentle warm shadows, cozy morning ambiance. Shallow depth of field with softly blurred background props (a glass of water and a speckled ceramic bowl) adding context without distraction. Warm inviting color palette, glistening natural sheen on food, steam softly rising, appetizing and fresh, complete plate fully visible with no cutoff, clean minimal styling, high detail, 4k ultra-realistic, cookbook magazine quality, square 1:1 composition."
M028,محشي كوسا وفلفل بالأرز,MT12,"Professional editorial food photography, three-quarter 45-degree eye-level angle. A rustic cream speckled stoneware plate with organic uneven edges, centered on a beige linen napkin over a dark rustic wooden table. courgette stuffed with rice. Soft diffused natural window light coming from the left, gentle warm shadows, cozy morning ambiance. Shallow depth of field with softly blurred background props (a glass of water and a speckled ceramic bowl) adding context without distraction. Warm inviting color palette, glistening natural sheen on food, steam softly rising, appetizing and fresh, complete plate fully visible with no cutoff, clean minimal styling, high detail, 4k ultra-realistic, cookbook magazine quality, square 1:1 composition."
M029,أرز أبيض + سمان مشوي,"CB01,BD03","Professional editorial food photography, three-quarter 45-degree eye-level angle. A rustic cream speckled stoneware plate with organic uneven edges, centered on a beige linen napkin over a dark rustic wooden table. fluffy white Egyptian rice mound, roasted quail. Soft diffused natural window light coming from the left, gentle warm shadows, cozy morning ambiance. Shallow depth of field with softly blurred background props (a glass of water and a speckled ceramic bowl) adding context without distraction. Warm inviting color palette, glistening natural sheen on food, steam softly rising, appetizing and fresh, complete plate fully visible with no cutoff, clean minimal styling, high detail, 4k ultra-realistic, cookbook magazine quality, square 1:1 composition."
M030,أرز أبيض + لحم أرانب مسلوق,"CB01,MT05","Professional editorial food photography, three-quarter 45-degree eye-level angle. A rustic cream speckled stoneware plate with organic uneven edges, centered on a beige linen napkin over a dark rustic wooden table. fluffy white Egyptian rice mound, tender boiled rabbit meat. Soft diffused natural window light coming from the left, gentle warm shadows, cozy morning ambiance. Shallow depth of field with softly blurred background props (a glass of water and a speckled ceramic bowl) adding context without distraction. Warm inviting color palette, glistening natural sheen on food, steam softly rising, appetizing and fresh, complete plate fully visible with no cutoff, clean minimal styling, high detail, 4k ultra-realistic, cookbook magazine quality, square 1:1 composition."
M031,تمر  + أرز أبيض + لحم إبل مسلوق,"FR03,CB01,MT06","Professional editorial food photography, three-quarter 45-degree eye-level angle. A rustic cream speckled stoneware plate with organic uneven edges, centered on a beige linen napkin over a dark rustic wooden table. dates, fluffy white Egyptian rice mound, boiled camel meat. Soft diffused natural window light coming from the left, gentle warm shadows, cozy morning ambiance. Shallow depth of field with softly blurred background props (a glass of water and a speckled ceramic bowl) adding context without distraction. Warm inviting color palette, glistening natural sheen on food, steam softly rising, appetizing and fresh, complete plate fully visible with no cutoff, clean minimal styling, high detail, 4k ultra-realistic, cookbook magazine quality, square 1:1 composition."
M032,أرز بالشعيرية + لحم ضأن مشوي,"CB02,MT09","Professional editorial food photography, three-quarter 45-degree eye-level angle. A rustic cream speckled stoneware plate with organic uneven edges, centered on a beige linen napkin over a dark rustic wooden table. vermicelli rice, grilled lamb meat. Soft diffused natural window light coming from the left, gentle warm shadows, cozy morning ambiance. Shallow depth of field with softly blurred background props (a glass of water and a speckled ceramic bowl) adding context without distraction. Warm inviting color palette, glistening natural sheen on food, steam softly rising, appetizing and fresh, complete plate fully visible with no cutoff, clean minimal styling, high detail, 4k ultra-realistic, cookbook magazine quality, square 1:1 composition."
M033,أرز أبيض + حمام محشى,"CB01,BD01","Professional editorial food photography, three-quarter 45-degree eye-level angle. A rustic cream speckled stoneware plate with organic uneven edges, centered on a beige linen napkin over a dark rustic wooden table. fluffy white Egyptian rice mound, stuffed pigeon. Soft diffused natural window light coming from the left, gentle warm shadows, cozy morning ambiance. Shallow depth of field with softly blurred background props (a glass of water and a speckled ceramic bowl) adding context without distraction. Warm inviting color palette, glistening natural sheen on food, steam softly rising, appetizing and fresh, complete plate fully visible with no cutoff, clean minimal styling, high detail, 4k ultra-realistic, cookbook magazine quality, square 1:1 composition."
M034,ممبار محشى + شوربة لحم,"MT13,MT01","Professional editorial food photography, three-quarter 45-degree eye-level angle. A rustic cream speckled stoneware plate with organic uneven edges, centered on a beige linen napkin over a dark rustic wooden table. stuffed tripe, warm broth. Soft diffused natural window light coming from the left, gentle warm shadows, cozy morning ambiance. Shallow depth of field with softly blurred background props (a glass of water and a speckled ceramic bowl) adding context without distraction. Warm inviting color palette, glistening natural sheen on food, steam softly rising, appetizing and fresh, complete plate fully visible with no cutoff, clean minimal styling, high detail, 4k ultra-realistic, cookbook magazine quality, square 1:1 composition."
M035,أرز بسمتي + سمان,"CB04,BD03","Professional editorial food photography, three-quarter 45-degree eye-level angle. A rustic cream speckled stoneware plate with organic uneven edges, centered on a beige linen napkin over a dark rustic wooden table. basmati rice, roasted quail. Soft diffused natural window light coming from the left, gentle warm shadows, cozy morning ambiance. Shallow depth of field with softly blurred background props (a glass of water and a speckled ceramic bowl) adding context without distraction. Warm inviting color palette, glistening natural sheen on food, steam softly rising, appetizing and fresh, complete plate fully visible with no cutoff, clean minimal styling, high detail, 4k ultra-realistic, cookbook magazine quality, square 1:1 composition."
M036,أرز أبيض + لحم ماعز مسلوق + بطاطس مقلية,"CB01,MT10,CB08","Professional editorial food photography, three-quarter 45-degree eye-level angle. A rustic cream speckled stoneware plate with organic uneven edges, centered on a beige linen napkin over a dark rustic wooden table. fluffy white Egyptian rice mound, tender boiled goat meat pieces, golden pan-fried seasoned potato cubes. Soft diffused natural window light coming from the left, gentle warm shadows, cozy morning ambiance. Shallow depth of field with softly blurred background props (a glass of water and a speckled ceramic bowl) adding context without distraction. Warm inviting color palette, glistening natural sheen on food, steam softly rising, appetizing and fresh, complete plate fully visible with no cutoff, clean minimal styling, high detail, 4k ultra-realistic, cookbook magazine quality, square 1:1 composition."
M037,تمر + ماء دافئ + أرز بالمكسرات + كفتة خروف,"FR03,DR03,CB03,MT04","Professional editorial food photography, three-quarter 45-degree eye-level angle. A rustic cream speckled stoneware plate with organic uneven edges, centered on a beige linen napkin over a dark rustic wooden table. dates, warm water, rice with nuts, lamb kofta. Soft diffused natural window light coming from the left, gentle warm shadows, cozy morning ambiance. Shallow depth of field with softly blurred background props (a glass of water and a speckled ceramic bowl) adding context without distraction. Warm inviting color palette, glistening natural sheen on food, steam softly rising, appetizing and fresh, complete plate fully visible with no cutoff, clean minimal styling, high detail, 4k ultra-realistic, cookbook magazine quality, square 1:1 composition."
M038,أرز أبيض + تونة,"CB01,FS01","Professional editorial food photography, three-quarter 45-degree eye-level angle. A rustic cream speckled stoneware plate with organic uneven edges, centered on a beige linen napkin over a dark rustic wooden table. fluffy white Egyptian rice mound, grilled tuna fillet. Soft diffused natural window light coming from the left, gentle warm shadows, cozy morning ambiance. Shallow depth of field with softly blurred background props (a glass of water and a speckled ceramic bowl) adding context without distraction. Warm inviting color palette, glistening natural sheen on food, steam softly rising, appetizing and fresh, complete plate fully visible with no cutoff, clean minimal styling, high detail, 4k ultra-realistic, cookbook magazine quality, square 1:1 composition."
M039,أرز بسمتي + لحم ماعز مشوي,"CB04,MT11","Professional editorial food photography, three-quarter 45-degree eye-level angle. A rustic cream speckled stoneware plate with organic uneven edges, centered on a beige linen napkin over a dark rustic wooden table. basmati rice, grilled goat meat. Soft diffused natural window light coming from the left, gentle warm shadows, cozy morning ambiance. Shallow depth of field with softly blurred background props (a glass of water and a speckled ceramic bowl) adding context without distraction. Warm inviting color palette, glistening natural sheen on food, steam softly rising, appetizing and fresh, complete plate fully visible with no cutoff, clean minimal styling, high detail, 4k ultra-realistic, cookbook magazine quality, square 1:1 composition."
M040,تمر + ماء دافئ + أرز أبيض + كوارع,"FR03,DR03,CB01,MT14","Professional editorial food photography, three-quarter 45-degree eye-level angle. A rustic cream speckled stoneware plate with organic uneven edges, centered on a beige linen napkin over a dark rustic wooden table. dates, warm water, fluffy white Egyptian rice mound, boiled trotters. Soft diffused natural window light coming from the left, gentle warm shadows, cozy morning ambiance. Shallow depth of field with softly blurred background props (a glass of water and a speckled ceramic bowl) adding context without distraction. Warm inviting color palette, glistening natural sheen on food, steam softly rising, appetizing and fresh, complete plate fully visible with no cutoff, clean minimal styling, high detail, 4k ultra-realistic, cookbook magazine quality, square 1:1 composition."
M041,ارز ابيض + كفتة  لحم بقرى,"CB01,MT03","Professional editorial food photography, three-quarter 45-degree eye-level angle. A rustic cream speckled stoneware plate with organic uneven edges, centered on a beige linen napkin over a dark rustic wooden table. fluffy white Egyptian rice mound, beef kofta. Soft diffused natural window light coming from the left, gentle warm shadows, cozy morning ambiance. Shallow depth of field with softly blurred background props (a glass of water and a speckled ceramic bowl) adding context without distraction. Warm inviting color palette, glistening natural sheen on food, steam softly rising, appetizing and fresh, complete plate fully visible with no cutoff, clean minimal styling, high detail, 4k ultra-realistic, cookbook magazine quality, square 1:1 composition."
M042,أرز بالمكسرات + لحم بتلو مسلوق,"CB03,MT07","Professional editorial food photography, three-quarter 45-degree eye-level angle. A rustic cream speckled stoneware plate with organic uneven edges, centered on a beige linen napkin over a dark rustic wooden table. rice with nuts, boiled veal meat. Soft diffused natural window light coming from the left, gentle warm shadows, cozy morning ambiance. Shallow depth of field with softly blurred background props (a glass of water and a speckled ceramic bowl) adding context without distraction. Warm inviting color palette, glistening natural sheen on food, steam softly rising, appetizing and fresh, complete plate fully visible with no cutoff, clean minimal styling, high detail, 4k ultra-realistic, cookbook magazine quality, square 1:1 composition."
M043,تمر + شاي أخضر,"FR03,DR01","Professional editorial food photography, three-quarter 45-degree eye-level angle. A rustic cream speckled stoneware plate with organic uneven edges, centered on a beige linen napkin over a dark rustic wooden table. dates, green tea. Soft diffused natural window light coming from the left, gentle warm shadows, cozy morning ambiance. Shallow depth of field with softly blurred background props (a glass of water and a speckled ceramic bowl) adding context without distraction. Warm inviting color palette, glistening natural sheen on food, steam softly rising, appetizing and fresh, complete plate fully visible with no cutoff, clean minimal styling, high detail, 4k ultra-realistic, cookbook magazine quality, square 1:1 composition."
M044,موز + عنب أسود,"FR12,FR08","Professional editorial food photography, three-quarter 45-degree eye-level angle. A rustic cream speckled stoneware plate with organic uneven edges, centered on a beige linen napkin over a dark rustic wooden table. banana slices, glossy black grapes. Soft diffused natural window light coming from the left, gentle warm shadows, cozy morning ambiance. Shallow depth of field with softly blurred background props (a glass of water and a speckled ceramic bowl) adding context without distraction. Warm inviting color palette, glistening natural sheen on food, steam softly rising, appetizing and fresh, complete plate fully visible with no cutoff, clean minimal styling, high detail, 4k ultra-realistic, cookbook magazine quality, square 1:1 composition."
M045,رمان طازج + موز,"FR05,FR12","Professional editorial food photography, three-quarter 45-degree eye-level angle. A rustic cream speckled stoneware plate with organic uneven edges, centered on a beige linen napkin over a dark rustic wooden table. fresh pomegranate seeds, banana slices. Soft diffused natural window light coming from the left, gentle warm shadows, cozy morning ambiance. Shallow depth of field with softly blurred background props (a glass of water and a speckled ceramic bowl) adding context without distraction. Warm inviting color palette, glistening natural sheen on food, steam softly rising, appetizing and fresh, complete plate fully visible with no cutoff, clean minimal styling, high detail, 4k ultra-realistic, cookbook magazine quality, square 1:1 composition."
M046,برقوق طازج + ينسون دافئ,"FR01,HB03","Professional editorial food photography, three-quarter 45-degree eye-level angle. A rustic cream speckled stoneware plate with organic uneven edges, centered on a beige linen napkin over a dark rustic wooden table. fresh plums, anise tea. Soft diffused natural window light coming from the left, gentle warm shadows, cozy morning ambiance. Shallow depth of field with softly blurred background props (a glass of water and a speckled ceramic bowl) adding context without distraction. Warm inviting color palette, glistening natural sheen on food, steam softly rising, appetizing and fresh, complete plate fully visible with no cutoff, clean minimal styling, high detail, 4k ultra-realistic, cookbook magazine quality, square 1:1 composition."
M047,عنب أسود + قشطة طبيعية,"FR08,DF03","Professional editorial food photography, three-quarter 45-degree eye-level angle. A rustic cream speckled stoneware plate with organic uneven edges, centered on a beige linen napkin over a dark rustic wooden table. glossy black grapes, natural cream. Soft diffused natural window light coming from the left, gentle warm shadows, cozy morning ambiance. Shallow depth of field with softly blurred background props (a glass of water and a speckled ceramic bowl) adding context without distraction. Warm inviting color palette, glistening natural sheen on food, steam softly rising, appetizing and fresh, complete plate fully visible with no cutoff, clean minimal styling, high detail, 4k ultra-realistic, cookbook magazine quality, square 1:1 composition."
M048,تمر + قهوة تركية,"FR03,DR02","Professional editorial food photography, three-quarter 45-degree eye-level angle. A rustic cream speckled stoneware plate with organic uneven edges, centered on a beige linen napkin over a dark rustic wooden table. dates, Turkish coffee. Soft diffused natural window light coming from the left, gentle warm shadows, cozy morning ambiance. Shallow depth of field with softly blurred background props (a glass of water and a speckled ceramic bowl) adding context without distraction. Warm inviting color palette, glistening natural sheen on food, steam softly rising, appetizing and fresh, complete plate fully visible with no cutoff, clean minimal styling, high detail, 4k ultra-realistic, cookbook magazine quality, square 1:1 composition."
M049,حلاوة طحينية غامقة,SW01,"Professional editorial food photography, three-quarter 45-degree eye-level angle. A rustic cream speckled stoneware plate with organic uneven edges, centered on a beige linen napkin over a dark rustic wooden table. tahini halva. Soft diffused natural window light coming from the left, gentle warm shadows, cozy morning ambiance. Shallow depth of field with softly blurred background props (a glass of water and a speckled ceramic bowl) adding context without distraction. Warm inviting color palette, glistening natural sheen on food, steam softly rising, appetizing and fresh, complete plate fully visible with no cutoff, clean minimal styling, high detail, 4k ultra-realistic, cookbook magazine quality, square 1:1 composition."
M050,موز + لوز وكاجو,"FR12,NT04,NT05","Professional editorial food photography, three-quarter 45-degree eye-level angle. A rustic cream speckled stoneware plate with organic uneven edges, centered on a beige linen napkin over a dark rustic wooden table. banana slices, cashews, almonds. Soft diffused natural window light coming from the left, gentle warm shadows, cozy morning ambiance. Shallow depth of field with softly blurred background props (a glass of water and a speckled ceramic bowl) adding context without distraction. Warm inviting color palette, glistening natural sheen on food, steam softly rising, appetizing and fresh, complete plate fully visible with no cutoff, clean minimal styling, high detail, 4k ultra-realistic, cookbook magazine quality, square 1:1 composition."
M051,عنب أسود + كراوية دافئة,"FR08,HB02","Professional editorial food photography, three-quarter 45-degree eye-level angle. A rustic cream speckled stoneware plate with organic uneven edges, centered on a beige linen napkin over a dark rustic wooden table. glossy black grapes, caraway tea. Soft diffused natural window light coming from the left, gentle warm shadows, cozy morning ambiance. Shallow depth of field with softly blurred background props (a glass of water and a speckled ceramic bowl) adding context without distraction. Warm inviting color palette, glistening natural sheen on food, steam softly rising, appetizing and fresh, complete plate fully visible with no cutoff, clean minimal styling, high detail, 4k ultra-realistic, cookbook magazine quality, square 1:1 composition."
M052,فراولة طازجة + قشطة طبيعية,"FR09,DF03","Professional editorial food photography, three-quarter 45-degree eye-level angle. A rustic cream speckled stoneware plate with organic uneven edges, centered on a beige linen napkin over a dark rustic wooden table. fresh strawberries, natural cream. Soft diffused natural window light coming from the left, gentle warm shadows, cozy morning ambiance. Shallow depth of field with softly blurred background props (a glass of water and a speckled ceramic bowl) adding context without distraction. Warm inviting color palette, glistening natural sheen on food, steam softly rising, appetizing and fresh, complete plate fully visible with no cutoff, clean minimal styling, high detail, 4k ultra-realistic, cookbook magazine quality, square 1:1 composition."
M053,فشار ذرة طبيعي + تمر,"CB12,FR03","Professional editorial food photography, three-quarter 45-degree eye-level angle. A rustic cream speckled stoneware plate with organic uneven edges, centered on a beige linen napkin over a dark rustic wooden table. popcorn, dates. Soft diffused natural window light coming from the left, gentle warm shadows, cozy morning ambiance. Shallow depth of field with softly blurred background props (a glass of water and a speckled ceramic bowl) adding context without distraction. Warm inviting color palette, glistening natural sheen on food, steam softly rising, appetizing and fresh, complete plate fully visible with no cutoff, clean minimal styling, high detail, 4k ultra-realistic, cookbook magazine quality, square 1:1 composition."
M054,تفاح مقشّر + موز,"FR02,FR12","Professional editorial food photography, three-quarter 45-degree eye-level angle. A rustic cream speckled stoneware plate with organic uneven edges, centered on a beige linen napkin over a dark rustic wooden table. peeled apple slices, banana slices. Soft diffused natural window light coming from the left, gentle warm shadows, cozy morning ambiance. Shallow depth of field with softly blurred background props (a glass of water and a speckled ceramic bowl) adding context without distraction. Warm inviting color palette, glistening natural sheen on food, steam softly rising, appetizing and fresh, complete plate fully visible with no cutoff, clean minimal styling, high detail, 4k ultra-realistic, cookbook magazine quality, square 1:1 composition."
M055,كرز طازج + شاي أخضر,"FR10,DR01","Professional editorial food photography, three-quarter 45-degree eye-level angle. A rustic cream speckled stoneware plate with organic uneven edges, centered on a beige linen napkin over a dark rustic wooden table. fresh cherries, green tea. Soft diffused natural window light coming from the left, gentle warm shadows, cozy morning ambiance. Shallow depth of field with softly blurred background props (a glass of water and a speckled ceramic bowl) adding context without distraction. Warm inviting color palette, glistening natural sheen on food, steam softly rising, appetizing and fresh, complete plate fully visible with no cutoff, clean minimal styling, high detail, 4k ultra-realistic, cookbook magazine quality, square 1:1 composition."
M056,شاي أخضر + فستق + ذرة مشوية,"DR01,NT02,CB11","Professional editorial food photography, three-quarter 45-degree eye-level angle. A rustic cream speckled stoneware plate with organic uneven edges, centered on a beige linen napkin over a dark rustic wooden table. green tea, pistachios, roasted corn kernels. Soft diffused natural window light coming from the left, gentle warm shadows, cozy morning ambiance. Shallow depth of field with softly blurred background props (a glass of water and a speckled ceramic bowl) adding context without distraction. Warm inviting color palette, glistening natural sheen on food, steam softly rising, appetizing and fresh, complete plate fully visible with no cutoff, clean minimal styling, high detail, 4k ultra-realistic, cookbook magazine quality, square 1:1 composition."
M057,تمر + شاي زعتر,"FR03,HB01","Professional editorial food photography, three-quarter 45-degree eye-level angle. A rustic cream speckled stoneware plate with organic uneven edges, centered on a beige linen napkin over a dark rustic wooden table. dates, thyme tea. Soft diffused natural window light coming from the left, gentle warm shadows, cozy morning ambiance. Shallow depth of field with softly blurred background props (a glass of water and a speckled ceramic bowl) adding context without distraction. Warm inviting color palette, glistening natural sheen on food, steam softly rising, appetizing and fresh, complete plate fully visible with no cutoff, clean minimal styling, high detail, 4k ultra-realistic, cookbook magazine quality, square 1:1 composition."
M058,تفاح مقشّر + قشطة طبيعية,"FR02,DF03","Professional editorial food photography, three-quarter 45-degree eye-level angle. A rustic cream speckled stoneware plate with organic uneven edges, centered on a beige linen napkin over a dark rustic wooden table. peeled apple slices, natural cream. Soft diffused natural window light coming from the left, gentle warm shadows, cozy morning ambiance. Shallow depth of field with softly blurred background props (a glass of water and a speckled ceramic bowl) adding context without distraction. Warm inviting color palette, glistening natural sheen on food, steam softly rising, appetizing and fresh, complete plate fully visible with no cutoff, clean minimal styling, high detail, 4k ultra-realistic, cookbook magazine quality, square 1:1 composition."
M059,رمان طازج + لوز,"FR05,NT05","Professional editorial food photography, three-quarter 45-degree eye-level angle. A rustic cream speckled stoneware plate with organic uneven edges, centered on a beige linen napkin over a dark rustic wooden table. fresh pomegranate seeds, almonds. Soft diffused natural window light coming from the left, gentle warm shadows, cozy morning ambiance. Shallow depth of field with softly blurred background props (a glass of water and a speckled ceramic bowl) adding context without distraction. Warm inviting color palette, glistening natural sheen on food, steam softly rising, appetizing and fresh, complete plate fully visible with no cutoff, clean minimal styling, high detail, 4k ultra-realistic, cookbook magazine quality, square 1:1 composition."
M060,قشطة طبيعية بالعسل,"DF03,SW04","Professional editorial food photography, three-quarter 45-degree eye-level angle. A rustic cream speckled stoneware plate with organic uneven edges, centered on a beige linen napkin over a dark rustic wooden table. natural cream, natural honey drizzle. Soft diffused natural window light coming from the left, gentle warm shadows, cozy morning ambiance. Shallow depth of field with softly blurred background props (a glass of water and a speckled ceramic bowl) adding context without distraction. Warm inviting color palette, glistening natural sheen on food, steam softly rising, appetizing and fresh, complete plate fully visible with no cutoff, clean minimal styling, high detail, 4k ultra-realistic, cookbook magazine quality, square 1:1 composition."
M061,تين طازج + موز,"FR04,FR12","Professional editorial food photography, three-quarter 45-degree eye-level angle. A rustic cream speckled stoneware plate with organic uneven edges, centered on a beige linen napkin over a dark rustic wooden table. fresh figs, banana slices. Soft diffused natural window light coming from the left, gentle warm shadows, cozy morning ambiance. Shallow depth of field with softly blurred background props (a glass of water and a speckled ceramic bowl) adding context without distraction. Warm inviting color palette, glistening natural sheen on food, steam softly rising, appetizing and fresh, complete plate fully visible with no cutoff, clean minimal styling, high detail, 4k ultra-realistic, cookbook magazine quality, square 1:1 composition."
M062,عنب أسود + كاجو + ذرة مشوية,"FR08,NT04,CB11","Professional editorial food photography, three-quarter 45-degree eye-level angle. A rustic cream speckled stoneware plate with organic uneven edges, centered on a beige linen napkin over a dark rustic wooden table. glossy black grapes, cashews, roasted corn kernels. Soft diffused natural window light coming from the left, gentle warm shadows, cozy morning ambiance. Shallow depth of field with softly blurred background props (a glass of water and a speckled ceramic bowl) adding context without distraction. Warm inviting color palette, glistening natural sheen on food, steam softly rising, appetizing and fresh, complete plate fully visible with no cutoff, clean minimal styling, high detail, 4k ultra-realistic, cookbook magazine quality, square 1:1 composition."
M063,تفاح مقشّر + زبيب,"FR02,FR06","Professional editorial food photography, three-quarter 45-degree eye-level angle. A rustic cream speckled stoneware plate with organic uneven edges, centered on a beige linen napkin over a dark rustic wooden table. peeled apple slices, raisins. Soft diffused natural window light coming from the left, gentle warm shadows, cozy morning ambiance. Shallow depth of field with softly blurred background props (a glass of water and a speckled ceramic bowl) adding context without distraction. Warm inviting color palette, glistening natural sheen on food, steam softly rising, appetizing and fresh, complete plate fully visible with no cutoff, clean minimal styling, high detail, 4k ultra-realistic, cookbook magazine quality, square 1:1 composition."
M064,مشمش طازج + تمر,"FR11,FR03","Professional editorial food photography, three-quarter 45-degree eye-level angle. A rustic cream speckled stoneware plate with organic uneven edges, centered on a beige linen napkin over a dark rustic wooden table. fresh apricots, dates. Soft diffused natural window light coming from the left, gentle warm shadows, cozy morning ambiance. Shallow depth of field with softly blurred background props (a glass of water and a speckled ceramic bowl) adding context without distraction. Warm inviting color palette, glistening natural sheen on food, steam softly rising, appetizing and fresh, complete plate fully visible with no cutoff, clean minimal styling, high detail, 4k ultra-realistic, cookbook magazine quality, square 1:1 composition."
M065,رمان طازج + فول سوداني,"FR05,NT03","Professional editorial food photography, three-quarter 45-degree eye-level angle. A rustic cream speckled stoneware plate with organic uneven edges, centered on a beige linen napkin over a dark rustic wooden table. fresh pomegranate seeds, peanuts. Soft diffused natural window light coming from the left, gentle warm shadows, cozy morning ambiance. Shallow depth of field with softly blurred background props (a glass of water and a speckled ceramic bowl) adding context without distraction. Warm inviting color palette, glistening natural sheen on food, steam softly rising, appetizing and fresh, complete plate fully visible with no cutoff, clean minimal styling, high detail, 4k ultra-realistic, cookbook magazine quality, square 1:1 composition."
M066,شاي أخضر + حلاوة طحينية,"DR01,SW01","Professional editorial food photography, three-quarter 45-degree eye-level angle. A rustic cream speckled stoneware plate with organic uneven edges, centered on a beige linen napkin over a dark rustic wooden table. green tea, tahini halva. Soft diffused natural window light coming from the left, gentle warm shadows, cozy morning ambiance. Shallow depth of field with softly blurred background props (a glass of water and a speckled ceramic bowl) adding context without distraction. Warm inviting color palette, glistening natural sheen on food, steam softly rising, appetizing and fresh, complete plate fully visible with no cutoff, clean minimal styling, high detail, 4k ultra-realistic, cookbook magazine quality, square 1:1 composition."
M067,شوكولاتة داكنة 70% + لوز,"SW02,NT05","Professional editorial food photography, three-quarter 45-degree eye-level angle. A rustic cream speckled stoneware plate with organic uneven edges, centered on a beige linen napkin over a dark rustic wooden table. dark chocolate 70%, almonds. Soft diffused natural window light coming from the left, gentle warm shadows, cozy morning ambiance. Shallow depth of field with softly blurred background props (a glass of water and a speckled ceramic bowl) adding context without distraction. Warm inviting color palette, glistening natural sheen on food, steam softly rising, appetizing and fresh, complete plate fully visible with no cutoff, clean minimal styling, high detail, 4k ultra-realistic, cookbook magazine quality, square 1:1 composition."
M068,بطاطا حلوة مشوية + قشطة طبيعية + تمر,"CB05,DF03,FR03","Professional editorial food photography, three-quarter 45-degree eye-level angle. A rustic cream speckled stoneware plate with organic uneven edges, centered on a beige linen napkin over a dark rustic wooden table. roasted sweet potato, natural cream, dates. Soft diffused natural window light coming from the left, gentle warm shadows, cozy morning ambiance. Shallow depth of field with softly blurred background props (a glass of water and a speckled ceramic bowl) adding context without distraction. Warm inviting color palette, glistening natural sheen on food, steam softly rising, appetizing and fresh, complete plate fully visible with no cutoff, clean minimal styling, high detail, 4k ultra-realistic, cookbook magazine quality, square 1:1 composition."
M069,تمر + قهوة تركية + عسل أسود,"FR03,DR02,SW03","Professional editorial food photography, three-quarter 45-degree eye-level angle. A rustic cream speckled stoneware plate with organic uneven edges, centered on a beige linen napkin over a dark rustic wooden table. dates, Turkish coffee, molasses syrup. Soft diffused natural window light coming from the left, gentle warm shadows, cozy morning ambiance. Shallow depth of field with softly blurred background props (a glass of water and a speckled ceramic bowl) adding context without distraction. Warm inviting color palette, glistening natural sheen on food, steam softly rising, appetizing and fresh, complete plate fully visible with no cutoff, clean minimal styling, high detail, 4k ultra-realistic, cookbook magazine quality, square 1:1 composition."
M070,عسل طبيعي + شوكولاتة داكنة + قهوة تركية,"SW04,SW02,DR02","Professional editorial food photography, three-quarter 45-degree eye-level angle. A rustic cream speckled stoneware plate with organic uneven edges, centered on a beige linen napkin over a dark rustic wooden table. natural honey drizzle, dark chocolate 70%, Turkish coffee. Soft diffused natural window light coming from the left, gentle warm shadows, cozy morning ambiance. Shallow depth of field with softly blurred background props (a glass of water and a speckled ceramic bowl) adding context without distraction. Warm inviting color palette, glistening natural sheen on food, steam softly rising, appetizing and fresh, complete plate fully visible with no cutoff, clean minimal styling, high detail, 4k ultra-realistic, cookbook magazine quality, square 1:1 composition."
M071,موز + لوز وكاجو + شاي أخضر,"FR12,NT04,NT05,DR01","Professional editorial food photography, three-quarter 45-degree eye-level angle. A rustic cream speckled stoneware plate with organic uneven edges, centered on a beige linen napkin over a dark rustic wooden table. banana slices, cashews, almonds, green tea. Soft diffused natural window light coming from the left, gentle warm shadows, cozy morning ambiance. Shallow depth of field with softly blurred background props (a glass of water and a speckled ceramic bowl) adding context without distraction. Warm inviting color palette, glistening natural sheen on food, steam softly rising, appetizing and fresh, complete plate fully visible with no cutoff, clean minimal styling, high detail, 4k ultra-realistic, cookbook magazine quality, square 1:1 composition."
M072,رمان طازج + لوز + شاي أخضر,"FR05,NT05,DR01","Professional editorial food photography, three-quarter 45-degree eye-level angle. A rustic cream speckled stoneware plate with organic uneven edges, centered on a beige linen napkin over a dark rustic wooden table. fresh pomegranate seeds, almonds, green tea. Soft diffused natural window light coming from the left, gentle warm shadows, cozy morning ambiance. Shallow depth of field with softly blurred background props (a glass of water and a speckled ceramic bowl) adding context without distraction. Warm inviting color palette, glistening natural sheen on food, steam softly rising, appetizing and fresh, complete plate fully visible with no cutoff, clean minimal styling, high detail, 4k ultra-realistic, cookbook magazine quality, square 1:1 composition."
M073,تمر + لوز + قشطة طبيعية,"FR03,NT05,DF03","Professional editorial food photography, three-quarter 45-degree eye-level angle. A rustic cream speckled stoneware plate with organic uneven edges, centered on a beige linen napkin over a dark rustic wooden table. dates, almonds, natural cream. Soft diffused natural window light coming from the left, gentle warm shadows, cozy morning ambiance. Shallow depth of field with softly blurred background props (a glass of water and a speckled ceramic bowl) adding context without distraction. Warm inviting color palette, glistening natural sheen on food, steam softly rising, appetizing and fresh, complete plate fully visible with no cutoff, clean minimal styling, high detail, 4k ultra-realistic, cookbook magazine quality, square 1:1 composition."
M074,عنب أسود + قشطة طبيعية + عسل,"FR08,DF03,SW04","Professional editorial food photography, three-quarter 45-degree eye-level angle. A rustic cream speckled stoneware plate with organic uneven edges, centered on a beige linen napkin over a dark rustic wooden table. glossy black grapes, natural cream, natural honey drizzle. Soft diffused natural window light coming from the left, gentle warm shadows, cozy morning ambiance. Shallow depth of field with softly blurred background props (a glass of water and a speckled ceramic bowl) adding context without distraction. Warm inviting color palette, glistening natural sheen on food, steam softly rising, appetizing and fresh, complete plate fully visible with no cutoff, clean minimal styling, high detail, 4k ultra-realistic, cookbook magazine quality, square 1:1 composition."
M075,أرز أبيض + حبات ذرة مشوية + بطاطس مقلية + زبدة بلدي,"CB01,CB11,CB08,DF01","Professional editorial food photography, three-quarter 45-degree eye-level angle. A rustic cream speckled stoneware plate with organic uneven edges, centered on a beige linen napkin over a dark rustic wooden table. fluffy white Egyptian rice mound, roasted corn kernels, golden pan-fried seasoned potato cubes, melting pat of golden country butter. Soft diffused natural window light coming from the left, gentle warm shadows, cozy morning ambiance. Shallow depth of field with softly blurred background props (a glass of water and a speckled ceramic bowl) adding context without distraction. Warm inviting color palette, glistening natural sheen on food, steam softly rising, appetizing and fresh, complete plate fully visible with no cutoff, clean minimal styling, high detail, 4k ultra-realistic, cookbook magazine quality, square 1:1 composition."
M076,أرز أبيض + شوربة لحم + بطاطس مسلوقة,"CB01,MT01,CB07","Professional editorial food photography, three-quarter 45-degree eye-level angle. A rustic cream speckled stoneware plate with organic uneven edges, centered on a beige linen napkin over a dark rustic wooden table. fluffy white Egyptian rice mound, warm broth, boiled potatoes. Soft diffused natural window light coming from the left, gentle warm shadows, cozy morning ambiance. Shallow depth of field with softly blurred background props (a glass of water and a speckled ceramic bowl) adding context without distraction. Warm inviting color palette, glistening natural sheen on food, steam softly rising, appetizing and fresh, complete plate fully visible with no cutoff, clean minimal styling, high detail, 4k ultra-realistic, cookbook magazine quality, square 1:1 composition."
M077,أرز أبيض + لحم ضأن مسلوق + بطاطس مقلية,"CB01,MT08,CB08","Professional editorial food photography, three-quarter 45-degree eye-level angle. A rustic cream speckled stoneware plate with organic uneven edges, centered on a beige linen napkin over a dark rustic wooden table. fluffy white Egyptian rice mound, boiled lamb meat, golden pan-fried seasoned potato cubes. Soft diffused natural window light coming from the left, gentle warm shadows, cozy morning ambiance. Shallow depth of field with softly blurred background props (a glass of water and a speckled ceramic bowl) adding context without distraction. Warm inviting color palette, glistening natural sheen on food, steam softly rising, appetizing and fresh, complete plate fully visible with no cutoff, clean minimal styling, high detail, 4k ultra-realistic, cookbook magazine quality, square 1:1 composition."
M078,أرز أبيض + كفتة لحم بقري + بطاطس مسلوقة + شوربة لحم,"CB01,MT03,CB07,MT01","Professional editorial food photography, three-quarter 45-degree eye-level angle. A rustic cream speckled stoneware plate with organic uneven edges, centered on a beige linen napkin over a dark rustic wooden table. fluffy white Egyptian rice mound, beef kofta, boiled potatoes, warm broth. Soft diffused natural window light coming from the left, gentle warm shadows, cozy morning ambiance. Shallow depth of field with softly blurred background props (a glass of water and a speckled ceramic bowl) adding context without distraction. Warm inviting color palette, glistening natural sheen on food, steam softly rising, appetizing and fresh, complete plate fully visible with no cutoff, clean minimal styling, high detail, 4k ultra-realistic, cookbook magazine quality, square 1:1 composition."
M079,أرز أبيض + كفتة لحم بقري + بطاطس مسلوقة + زيتون كالاماتا,"CB01,MT03,CB07,OL01","Professional editorial food photography, three-quarter 45-degree eye-level angle. A rustic cream speckled stoneware plate with organic uneven edges, centered on a beige linen napkin over a dark rustic wooden table. fluffy white Egyptian rice mound, beef kofta, boiled potatoes, a small cluster of glossy Kalamata olives. Soft diffused natural window light coming from the left, gentle warm shadows, cozy morning ambiance. Shallow depth of field with softly blurred background props (a glass of water and a speckled ceramic bowl) adding context without distraction. Warm inviting color palette, glistening natural sheen on food, steam softly rising, appetizing and fresh, complete plate fully visible with no cutoff, clean minimal styling, high detail, 4k ultra-realistic, cookbook magazine quality, square 1:1 composition."
M080,أرز أبيض + كفتة لحم خروف + بطاطس مسلوقة + زيتون كالاماتا,"CB01,MT04,CB07,OL01","Professional editorial food photography, three-quarter 45-degree eye-level angle. A rustic cream speckled stoneware plate with organic uneven edges, centered on a beige linen napkin over a dark rustic wooden table. fluffy white Egyptian rice mound, lamb kofta, boiled potatoes, a small cluster of glossy Kalamata olives. Soft diffused natural window light coming from the left, gentle warm shadows, cozy morning ambiance. Shallow depth of field with softly blurred background props (a glass of water and a speckled ceramic bowl) adding context without distraction. Warm inviting color palette, glistening natural sheen on food, steam softly rising, appetizing and fresh, complete plate fully visible with no cutoff, clean minimal styling, high detail, 4k ultra-realistic, cookbook magazine quality, square 1:1 composition."
M081,أرز أبيض + حمام محشي + بطاطس مقلية + زيتون كالاماتا,"CB01,BD01,CB08,OL01","Professional editorial food photography, three-quarter 45-degree eye-level angle. A rustic cream speckled stoneware plate with organic uneven edges, centered on a beige linen napkin over a dark rustic wooden table. fluffy white Egyptian rice mound, stuffed pigeon, golden pan-fried seasoned potato cubes, a small cluster of glossy Kalamata olives. Soft diffused natural window light coming from the left, gentle warm shadows, cozy morning ambiance. Shallow depth of field with softly blurred background props (a glass of water and a speckled ceramic bowl) adding context without distraction. Warm inviting color palette, glistening natural sheen on food, steam softly rising, appetizing and fresh, complete plate fully visible with no cutoff, clean minimal styling, high detail, 4k ultra-realistic, cookbook magazine quality, square 1:1 composition."
M082,أرز أبيض + سمك سردين بحري مشوي + بطاطس مقلية + زيتون كالاماتا,"CB01,FS02,CB08,OL01","Professional editorial food photography, three-quarter 45-degree eye-level angle. A rustic cream speckled stoneware plate with organic uneven edges, centered on a beige linen napkin over a dark rustic wooden table. fluffy white Egyptian rice mound, grilled sardine fillet, golden pan-fried seasoned potato cubes, a small cluster of glossy Kalamata olives. Soft diffused natural window light coming from the left, gentle warm shadows, cozy morning ambiance. Shallow depth of field with softly blurred background props (a glass of water and a speckled ceramic bowl) adding context without distraction. Warm inviting color palette, glistening natural sheen on food, steam softly rising, appetizing and fresh, complete plate fully visible with no cutoff, clean minimal styling, high detail, 4k ultra-realistic, cookbook magazine quality, square 1:1 composition."
M083,أرز أبيض + شوربة لحم + بطاطس مسلوقة + زيتون كالاماتا,"CB01,MT01,CB07,OL01","Professional editorial food photography, three-quarter 45-degree eye-level angle. A rustic cream speckled stoneware plate with organic uneven edges, centered on a beige linen napkin over a dark rustic wooden table. fluffy white Egyptian rice mound, warm broth, boiled potatoes, a small cluster of glossy Kalamata olives. Soft diffused natural window light coming from the left, gentle warm shadows, cozy morning ambiance. Shallow depth of field with softly blurred background props (a glass of water and a speckled ceramic bowl) adding context without distraction. Warm inviting color palette, glistening natural sheen on food, steam softly rising, appetizing and fresh, complete plate fully visible with no cutoff, clean minimal styling, high detail, 4k ultra-realistic, cookbook magazine quality, square 1:1 composition."
M084,أرز أبيض + بطاطس مسلوقة + زيت زيتون + زيتون كالاماتا,"CB01,CB07,OI01,OL01","Professional editorial food photography, three-quarter 45-degree eye-level angle. A rustic cream speckled stoneware plate with organic uneven edges, centered on a beige linen napkin over a dark rustic wooden table. fluffy white Egyptian rice mound, boiled potatoes, olive oil drizzle, a small cluster of glossy Kalamata olives. Soft diffused natural window light coming from the left, gentle warm shadows, cozy morning ambiance. Shallow depth of field with softly blurred background props (a glass of water and a speckled ceramic bowl) adding context without distraction. Warm inviting color palette, glistening natural sheen on food, steam softly rising, appetizing and fresh, complete plate fully visible with no cutoff, clean minimal styling, high detail, 4k ultra-realistic, cookbook magazine quality, square 1:1 composition."
M085,أرز بسمتي + بطاطس مهروسة + جبنة جودة,"CB04,CB09,CH01","Professional editorial food photography, three-quarter 45-degree eye-level angle. A rustic cream speckled stoneware plate with organic uneven edges, centered on a beige linen napkin over a dark rustic wooden table. basmati rice, mashed potatoes, Gouda cheese. Soft diffused natural window light coming from the left, gentle warm shadows, cozy morning ambiance. Shallow depth of field with softly blurred background props (a glass of water and a speckled ceramic bowl) adding context without distraction. Warm inviting color palette, glistening natural sheen on food, steam softly rising, appetizing and fresh, complete plate fully visible with no cutoff, clean minimal styling, high detail, 4k ultra-realistic, cookbook magazine quality, square 1:1 composition."
M086,أرز أبيض + سمك سردين بحري مشوي + بطاطس مسلوقة,"CB01,FS02,CB07","Professional editorial food photography, three-quarter 45-degree eye-level angle. A rustic cream speckled stoneware plate with organic uneven edges, centered on a beige linen napkin over a dark rustic wooden table. fluffy white Egyptian rice mound, grilled sardine fillet, boiled potatoes. Soft diffused natural window light coming from the left, gentle warm shadows, cozy morning ambiance. Shallow depth of field with softly blurred background props (a glass of water and a speckled ceramic bowl) adding context without distraction. Warm inviting color palette, glistening natural sheen on food, steam softly rising, appetizing and fresh, complete plate fully visible with no cutoff, clean minimal styling, high detail, 4k ultra-realistic, cookbook magazine quality, square 1:1 composition."